62807,PL 1.375" SA516-70N IMP -50F
85571,PL 2.250" X 96" X 288" SA517E
85572,PL 2.500" X 96" X 240" SA517E
85915,PL .7000" X 120" X 345" SA516-70
86390,PL 1.1554" X 119" X 535" SA516-70N IMP -50F
51348,PL Checker 1/8" SA36
51349,PL Checker 1/4" SA36
51368,PL .1875" CSA G40.21 GRADE 44W
51378,PL .375" SA516-70
51383,PL .750" SA516-70
51392,PL 2.500" SA516-70N IMP -50F
51399,PL 1.750" X 96" X 288" SA517E
55008,PL 1.250" X 96" X 280" SA517E
59206,PL .375" SA516-70N IMP -50F
59410,PL 1.0" SA516-70N IMP -50F
59443,PL 1.125" SA516-70N
60591,PL .250" SA517B
61196,PL .250" SA516-70N IMP -50F
61274,PL 1.250" SA516-70N IMP -50F
61277,PL 1.750" SA516-70N IMP -50F
61289,PL .500" SA516-70N IMP -50F
61745,PL 3.0" SA516-70N IMP -50F
61981,PL 1.500" 44W
62257,PL .350" X 113" X 312" SA455/SA516-70
62400,PL 1.0" 44W
62401,PL 1.250" 44W
62855,PL .500" SA516-70N
63048,PL .750" SA516-70N IMP -50F
63052,PL .625" SA516-70N IMP -50F
63196,PL .392" X 96" X 266" SA517B
63198A,PL .4196" SA517B
63266,PL .750" X 120" X 480" SA516-70N IMP -50F
64041,PL .250" SA240-304L
64115,PL .250" CSA G40.21 GRADE 44W
64161,PL .750" SA36/44W
64740,PL .369" X 96" X 267" SA517B
64758,PL 1.500" SA516-70N IMP -50F
64817,PL 2.0" SA516-70N IMP -50F
65033,PL .250" SA240-316L
65199,PL .6854" X 120" X 345" SA516-70
65212,PL .2807" X 104" X 257" SA455/SA516-70
65304,PL .625" 44W
65356,PL .500" CSA G40.21 GRADE 44W
65363,PL .875" SA516-70N IMP -50F
65534,PL .375" SA240-316L
66023,PL .375" CSA G40.21 GRADE 44W
66776,PL Checker 1/4" Aluminum
67115,PL 1.125" SA516-70N IMP -50F
67789,PL .448" X 96" X 305" SA517B
67974,PL .750" X 120" X 288" SA516-70N
68389,PL 1.750" 44W
68720,PL .382" X 96" X 230" SA517B
70075,PL .422" X 100" X 305" SA517B
70106,PL .6854" X 120" X 345" SA516-70N IMP -50F
71656,PL .580" X 120" X 250" SA455/SA516-70
71909,PL .125" 44W
72309,PL .8199" X 120" X 412" SA516-70N IMP -50F
72643,PL .8299" X 120" X 410" SA516-70N IMP -50F
74031,PL .875" X 120" X 410" SA516-70N
74421,PL 1.0000" X 120" X 457.5" SA516-70N IMP -50F
74650,PL .609" X 115.75" X 611" SA516-70N
74651,PL .570" X 120.5" X 534" SA516-70N
74756,PL .375" CSA350 WT Cat 4
74983,PL .480" SA516-70N
74997,PL .8836" X 120" X 410" SA516-70
75286,PL .870" X 119.25" X 422" SA516-70N
75381,PL .8836" X 112.75" X 410" SA516-70N IMP -50F
75587,PL .657" X 112" X 458" SA516-70N
76455,PL .8399" X 120" X 410" SA516-70N IMP -50F
76478,PL .579" X 99.5" X 382" SA516-70N
76480,PL .422" X 120" X 305" SA517B
76480-R,PL .422" X 120" X 305" SA517B PITTED PLATE
76497,PL .9036" X 120" X 410" SA516-70N IMP -50F
76591,PL .7054" X 120" X 345" SA516-70
76657,PL .9036" X 120" X 410" SA516-70
76809,PL .8399" X 120" X 410" SA516-70
78184,PL .448" X 120" X 305" SA517B
78486,PL 1.750" CSA 50WT CAT 4 IMP -50F
80393,PL .375" X 18" X 18" Motor Mount for 8000 USWG
81280,PL .375" X 96" OD X 120" ROLLED SA516-70N IMP-50F (AKER)
81281,PL .375" X 120" OD X 120" ROLLED SA516-70N IMP-50F (AKER)
81413,PL .660" X 99" X 198" SA455/SA516-70
82282,PL .414" X 120" X 300" SA517B
82323,PL .250" A514-B
83157,PL .448" X 120" X 322" SA517B
84112,PL .395" X 120" X 282" SA517B
84114,PL .605" X 120" X 262" SA516-70
84608,PL .9206" X 120" X 457" SA516-70N IMP -50F
84664,PL .625" X 120.75" X 380" SA516-70N
84705,PL 2.00" 44W
84821,PL .625" SA516-70N IMP -50F NACE 
84892,PL 1.00" X 96.5" X 441" SA516-70N NACE MR0175-2A
84893,PL 1.25" X 120.5" X 458" SA516-70N NACE MR0175-2A
84977,PL .423" X 120" X 305" SA517B
85123,PL .375" X 111" X 270" SA516-70
85210,PL .369" X 120" X 267" SA517B
85324,PL .500" CSA G40.21 GRADE 50W
85436,PL .250" A514-S
85513,PL .2060" X 90" X 298" SA240-201LN
85575,PL 4.0 SA516-70N IMP -50F
85576,PL 4.5 SA516-70N IMP -50F
SAP1110065,PL .600" X 118" X 347" SA612
SAP1110099,PL .444" x 120" x 322" QUENCHED AND TEMPERED SA517-E
